{"cameraMode":{"drawMode":0,"name":"Shaded","section":"Shading Mode"},"sceneLighting":true,"audioPlay":false,"sceneViewState":{"m_AlwaysRefresh":false,"showFog":true,"showSkybox":true,"showFlares":true,"showImageEffects":true,"showParticleSystems":true,"showVisualEffectGraphs":true,"m_FxEnabled":true},"in2DMode":false,"pivot":{"x":-0.30261337757110598,"y":-3.684633731842041,"z":-22.185413360595704},"rotation":{"x":-0.5636009573936462,"y":-0.011894464492797852,"z":0.008118151687085629,"w":-0.8259164094924927},"size":11.730429649353028,"orthographic":false}